- name: TestRetreat 2016
  location: Vancouver, BC, Canada
  dates: "August 6, 2016"
  url: https://www.associationforsoftwaretesting.org/conference/cast-2016/cast-2016-testretreat/
  twitter: AST_News

- name: Conference for the Association for Software Testing (CAST) 2016
  location: Vancouver, BC, Canada
  dates: "August 8-10, 2016"
  url: http://www.associationforsoftwaretesting.org/conference/cast-2016/
  twitter: AST_News

- name: SoCraTes 2016
  location: Soltau, Germany
  dates: "August 25-28, 2016"
  url: https://www.socrates-conference.de/
  twitter: socrates_2016

- name: South Eastern Europe Testing Conference (SEETEST) 2016
  location: Bucharest, Romania
  dates: "September 15-16, 2016"
  url: http://seetest.org/index.php
  twitter: SEETESTConf

- name: Targeting Quality 2016
  location: Rijeka, Croatia
  dates: "September 16-17, 2016"
  url: http://www.testival.eu/
  twitter: kwsqa

- name: Software Test Professionals (STPCon) Fall 2016
  location: Dallas, Texas, USA
  dates: "September 19-22, 2016"
  url: http://www.stpcon.com/
  twitter: softwaretestpro

- name: Workshop in Testing Software (WITS)
  location: New York, NY, USA
  dates: "September 25, 2016"
  url: http://testmastersacademy.org/index.html
  twitter: testmastersacad

- name: New Testing Conference
  location: New York, NY, USA
  dates: "September 26-27, 2016"
  url: http://testmastersacademy.org/index.html
  twitter: testmastersacad

- name: Testival eu 2016
  location: Kitchener, ON, Canada
  dates: "September 26-27, 2016"
  url: http://kwsqa.org/conference/
  twitter: testivaleu

- name: Software Testing Atlanta (STAC) 2016
  location: Atlanta, GA, USA
  dates: "September 26, 2016"
  url: http://www.softwaretestingatlcon.com/
  twitter: STACAtlanta

- name: STARWEST 2016
  location: Anaheim, California, USA
  dates: "October 2-7, 2016"
  url: http://starwest.techwell.com
  twitter: starwest

- name: TestWorks Conf 2016
  location: Amsterdam
  dates: "October 6-7, 2016"
  url: http://testworksconf.com/
  twitter: testworksconf

- name: Theory and Practice of Software Testing (TAPOST) 2016
  location: Riga, Latvia
  dates: "October 12, 2016"
  url: http://www.tapost.org/call-for-papers/
  twitter: TAPOST_LV

- name: QA&Test 2016
  location: Bilbao, Spain
  dates: "October 18-21, 2016"
  url: http://www.qatest.org/en/
  twitter: qatest_bilbao

- name: TestBash Manchester 2016
  location: Manchester, England
  dates: "October 21, 2016"
  url: http://ministryoftesting.com/2016/02/testbash-manchester/
  twitter: ministryoftest

- name: STARCanada 2016
  location: Toronto, Canada
  dates: "October 23-27, 2016"
  url: http://starcanada.techwell.com/
  twitter: starcanada

- name: EuroSTAR 2016
  location: Stockholm, Sweden
  dates: "October 31-November 03, 2016"
  url: https://conference.eurostarsoftwaretesting.com/
  twitter: esconfs

- name: TestBash Philadelphia 2016
  location: Philadelphia, PA USA
  dates: "November 10-11th 2016"
  url: http://www.ministryoftesting.com/training-events/testbash-philadelphia-2016/
  twitter: ministryoftest

- name: Agile Testing Days 2016
  location: Potsdam, Germany
  dates: "December 5-8, 2016"
  url: http://www.agiletestingdays.com/
  twitter: AgileTD

- name: Workshop on Performance and Reliability (WOPR25)
  location: Wellington, New Zealand (Tentative)
  dates: "February 2017"
  url: http://www.performance-workshop.org/

- name: Workshop on Search-Based Software Testing (SBST) 2017
  location: Buenos Aires, Argentina
  dates: "May 20-28 2017"
  url: http://sbst2017.lafhis.dc.uba.ar/
