- name: MOntreal Insights Into Software Testing (MOIIST) 2016
  location: Montreal, Canada
  dates: "January 16, 2016"
  url: http://www.moiist.org/
  
- name: Test Automation Bazaar 2016
  location: Austin, Texas, USA
  dates: January 15-16, 2016
  url: https://www.eventbrite.com/e/test-automation-bazaar-austin-2016-tickets-19830142490?aff=testingwithvision

- name: ThinkTest 2015
  location: New Delhi, India
  dates: "December 4th, 2015"
  url: http://www.confengine.com/thinktest-2015
  twitter: smita_qazone

- name: STC 2015
  location: Bangalore, India
  dates: "December 3-4, 2015"
  url: http://qaistc.com/
  twitter: QAISTC

- name: BCS SIGiST Winter 2015
  location: London, UK
  dates: "December 2nd, 2015"
  url: http://www.bcs.org/category/9264
  twitter: SIGiST

- name: HSTC 2015
  location: Hyderabad, India
  dates: "November 26-27, 2015"
  url: http://www.hstc.stepinforum.org/
  twitter: stepin_forum

- name: PSTC 2015
  location: Pune, India
  dates: "November 25, 2015"
  url: http://pstc.stepinforum.org/
  twitter: stepin_forum

- name: Let's Test South Africa 2015
  location: Magaliesberg, South Africa
  dates: "November 15–17, 2015"
  url: http://lets-test.com/?page_id=4070
  twitter: LetsTest_Conf

- name: GTAC 2015
  location: Cambridge, MA, USA
  dates: "November 10-11, 2015"
  url: https://developers.google.com/google-test-automation-conference/
  twitter: googletesting

- name: Agile Testing Days 2015
  location: Potsdam, Germany
  dates: "November 9-12, 2015"
  url: http://www.agiletestingdays.com/
  twitter: AgileTD

- name: TestBashNY
  location: New York, NY
  dates: "November 5-6, 2015"
  url: http://www.ministryoftesting.com/training-events/testbashny/
  twitter: ministryoftest

- name: EuroSTAR 2015
  location: Maastricht, Netherlands
  dates: "November 2-5, 2015"
  url: http://conference.eurostarsoftwaretesting.com/
  twitter: esconfs

- name: Software Testing Atlanta (STAC) 2015
  location: Atlanta, GA, USA
  dates: "October 22, 2015"
  url: http://www.softwaretestingatlcon.com/
  twitter: STACAtlanta

- name: Workshop on Performance and Reliability (WOPR) 24
  location: Mountain View, CA, USA
  dates: "October 22-24, 2015"
  url: http://www.performance-workshop.org/wopr24/
  twitter: WOPR_Workshop

- name: TinyTestBash
  location: Brighton, England
  dates: "October 23, 2015"
  url: http://www.ministryoftesting.com/training-events/tinytestbash2015/
  twitter: ministryoftest

- name: PNSQC 2015
  location: Portland, OR, USA
  dates: "October 12-14, 2015"
  url: http://www.pnsqc.org/2015-conference/
  twitter: PNSQC

- name: Midlands Exploratory Workshop on Testing (MEWT)
  location: Nottingham, UK
  dates: "October 10, 2015"
  url: https://mewtblog.wordpress.com/2015/07/05/mewt4-call-for-papers/
  twitter: FriendlyTester

- name: Targeting Quality (KWSQA) 2015
  location: Kitchener, ON Canada
  dates: "October 8-9, 2015"
  url: http://kwsqa.org/conference/
  twitter: KWSQA

- name: Testwarez 2015
  location: Warsaw, Poland
  dates: "October 7-9, 2015"
  url: http://www.testwarez.pl/
  twitter: SjsiOrg

- name: TestRetreat:KW (KWSQA)
  location: Kitchener, ON Canada
  dates: "October 7, 2015"
  url: http://www.eventbrite.com/e/testretreatkw-tickets-18423753944
  twitter: ExcelonDevelopm

- name: STPCon Fall 2015
  location: Boston, MA, USA
  dates: "October 5-8, 2015"
  url: http://www.stpcon.com
  twitter: softwaretestpro

- name: CITCON North America 2015
  location: Ann Arbor, MI, USA
  dates: "October 2-3, 2015"
  url: http://www.citconf.com/annarbor2015/index.html
  twitter: citcon

- name: TestWorks
  location: Amsterdam
  dates: " October 2, 2015"
  url: http://www.testworksconf.com/
  twitter: testworksconf

- name: STARWEST 2015
  location: Anaheim, CA, USA
  dates: "September 27-October 2, 2015"
  url: http://starwest.techwell.com
  twitter: TechWell

- name: Testival eu 2015
  location: Split, Croatia
  dates: "September 18-September 19, 2015"
  url: http://www.testival.eu/
  twitter: testivaleu

- name: Black Ops Testing Workshop
  location: London
  dates: "September 15, 2015"
  url: http://blackopstesting.com/post/event/training/20150420_september_2015_software_testing_training_in_london/
  twitter: BlackOpsTesting

- name: CITCON Europe 2015
  location: Helsinki, Finland
  dates: "September 11-12, 2015"
  url: http://www.citconf.com/helsinki2015/index.html
  twitter: citcon

- name: Selenium Conference 2015
  location: Portland, OR, USA
  dates: "September 8-10, 2015"
  url: http://year-2015.seleniumconf.org/
  twitter: seleniumconf

- name: Testing In the Archipelago Network (TITAN) 2015
  location: Karlskrona, Sweden
  dates: "August 28-30, 2015"
  url: http://www.karlskronatestgathering.se/titan.html
  twitter: kristoffer_nord

- name: South West Exploratory Workshop in Testing
  location: Bristol, England
  dates: "August 19, 2015"
  twitter: TheTestDoctor

- name: CAST 2015
  location: Grand Rapids, MI
  dates: "August 3-5, 2015"
  url: http://www.associationforsoftwaretesting.org/conference/cast-2015/
  twitter: AST_News

- name: TestRetreat-Grand Rapids
  location: Grand Rapids, MI
  dates: "August 1, 2015"
  url: http://www.eventbrite.com/e/testretreat-grand-rapids-tickets-16403567512
  twitter: ExcelonDevelopm

- name: STeP-IN SUMMIT Bangalore
  location: Bangalore, India
  dates: "July 2-3, 2015"
  url: http://www.stepinsummit.stepinforum.org/conference-program/
  twitter: stepin_forum

- name: STeP-IN SUMMIT Pune
  location: Pune, India
  dates: "June 24, 2015"
  url: http://www.stepinsummit.stepinforum.org/conference-program/
  twitter: stepin_forum

- name: STeP-IN SUMMIT Hyderabad
  location: Hyderabad, India
  dates: "June 23, 2015"
  url: http://www.stepinsummit.stepinforum.org/conference-program/
  twitter: stepin_forum

- name: STARCanada 2015
  location: Vancouver, BC, Canada
  dates: "June 21-25, 2015"
  url: http://starcanada.techwell.com
  twitter: TechWell

- name: QAGeekWeek 2015
  location: Israel
  dates: "June 21-25, 2015"
  url: http://devgeekweek.jbh.co.il/learning-track/qa-geekweek/
  twitter:

- name: Test Automation Day 2015
  location: WTC Rotterdam, the Netherlands
  dates: "June 18, 2015"
  url: http://www.testautomationday.com/
  twitter: testautomationd

- name: Nordic Testing Days 2015
  location: Tallinn, Estonia
  dates: "June 3-5, 2015"
  url: http://nordictestingdays.eu/
  twitter: nordictestdays

- name: Let's Test 2015
  location: Stockholm, Sweden
  dates: "May 25-27, 2015"
  url: http://lets-test.com
  twitter: LetsTest_Conf

- name: Belgium Testing Days 2015
  location: Brussels, Belgium
  dates: "May 18-21, 2015"
  url: http://btdconf.com/
  twitter: BTDconf

- name: Romanian Testing Conference 2015
  location: Cluj-Napoca, Romania
  dates: "May 14-15, 2015"
  url: http://www.romaniatesting.ro/
  twitter:

- name: STAREAST 2015
  location: Orlando, FL
  dates: "May 3-8, 2015"
  url: http://stareast.techwell.com
  twitter: TechWell

- name: STPCon Spring 2015
  location: San Deigo, CA
  dates: "March 30-April 2, 2015"
  url: http://www.stpcon.com
  twitter: softwaretestpro

- name: QA or the Highway
  location: Columbus, OH
  dates: "February 17, 2015"
  url: http://qaorthehighway.com/
  twitter: QAortheHighway

- name: MOntreal Insights Into Software Testing
  location: Montreal, QC Canada
  dates: "January 17-18, 2015"
  url: http://www.moiist.org/

- name: CAST 2014
  location: New York, NY
  dates: "August 11-13, 2014"
  url: http://www.associationforsoftwaretesting.org/conference/cast-2014/
  twitter: AST_News
  video_link: https://www.youtube.com/watch?list=PLQB4l9iafcelXpJnK6IyDsoFeEb1icqrl&v=JLVP_Z5AoyM

- name: Workshop on Teach Software Testing (WTST) 13
  location: Melbourne, FL, USA
  dates: "January 24-26, 2014"
  url: http://wtst.org/
  twitter:
